{
    "prumer": 40.3,
    "odchylky": [
        -1.5620000000000047,
        -1.6360000000000028,
        1.7040000000000006,
        -2.7390000000000043,
        -2.190000000000005,
        1.4299999999999997,
        1.2069999999999936,
        -3.736000000000004,
        1.7809999999999988,
        2.219999999999999,
        3.468999999999994,
        -4.380000000000003,
        4.881,
        1.4849999999999994,
        -2.028000000000006
    ],
    "stredni_kvadraticka_chyba": 0.7,
    "velicina": "mA"
}